City_ID,City,Lat,Lng,Max Temp,Humidity,Cloudiness,Wind Speed,Country,Date
0,hermanus,-34.4187,19.2345,296.37,72,81,5.81,ZA,1669903460
1,ushuaia,-54.8,-68.3,281.98,85,100,4.62,AR,1669903259
2,okhotsk,59.3833,143.3,253.47,99,100,4.41,RU,1669903538
3,hilo,19.7297,-155.09,300.53,92,100,3.09,US,1669903538
4,vila franca do campo,37.7167,-25.4333,290.48,69,38,3.02,PT,1669903511
5,kandi,11.1342,2.9386,309.32,13,66,0.77,BJ,1669903538
6,kamaishi,39.2667,141.8833,275.85,71,20,2.49,JP,1669903539
7,port blair,11.6667,92.75,300.39,81,100,3.38,IN,1669903539
8,hasaki,35.7333,140.8333,281.37,79,100,5.34,JP,1669903539
9,east london,-33.0153,27.9116,298.27,75,7,4.11,ZA,1669903251
10,taltal,-25.4,-70.4833,292.92,71,2,2.95,CL,1669903540
11,filingue,14.3521,3.3168,306.5,10,40,3.34,NE,1669903540
12,locri,38.2414,16.2623,288.74,66,25,4.64,IT,1669903540
13,dudinka,69.4058,86.1778,257.26,98,100,2.84,RU,1669903541
14,cherskiy,68.75,161.3,255.09,98,100,6.01,RU,1669903541
15,lapua,62.9693,23.0088,272.1,93,100,1.08,FI,1669903541
16,atherton,53.5237,-2.4935,281.09,90,46,0.89,GB,1669903542
17,castro,-24.7911,-50.0119,297.21,65,11,3.75,BR,1669903542
18,bredasdorp,-34.5322,20.0403,299.1,46,51,8.65,ZA,1669903542
19,saint-philippe,-21.3585,55.7679,299.92,77,53,2.29,RE,1669903542
20,vaini,-21.2,-175.2,297.24,100,20,0.0,TO,1669903542
21,yellowknife,62.456,-114.3525,250.07,98,100,1.07,CA,1669903339
22,qaanaaq,77.484,-69.3632,241.1,83,10,3.07,GL,1669903543
23,dikson,73.5069,80.5464,267.32,94,100,8.88,RU,1669903295
24,sao joao da barra,-21.6403,-41.0511,298.56,84,99,8.56,BR,1669903369
25,akyab,20.15,92.9,299.76,78,0,5.51,MM,1669903544
26,cabo san lucas,22.8909,-109.9124,290.71,70,8,1.75,MX,1669903510
27,takoradi,4.8845,-1.7554,302.46,66,100,3.72,GH,1669903545
28,jibuti,11.5,42.5,298.17,49,2,5.55,DJ,1669903545
29,ocos,14.5094,-92.1933,298.02,75,25,2.35,GT,1669903545
30,mataura,-46.1927,168.8643,283.42,90,82,3.63,NZ,1669903546
31,fortuna,40.5982,-124.1573,279.34,96,100,3.09,US,1669903546
32,isangel,-19.55,169.2667,299.41,86,100,3.32,VU,1669903546
33,wewak,-3.5534,143.6268,299.75,84,100,5.16,PG,1669903546
34,khatanga,71.9667,102.5,261.04,94,100,5.51,RU,1669903547
35,botwood,49.1499,-55.3482,276.43,87,83,8.99,CA,1669903547
36,woodward,36.4337,-99.3904,274.72,54,0,6.69,US,1669903547
37,bilma,18.6853,12.9164,300.29,15,6,1.64,NE,1669903548
38,talnakh,69.4865,88.3972,255.16,99,100,0.44,RU,1669903549
39,yenagoa,4.9247,6.2642,306.08,46,50,1.63,NG,1669903549
40,albany,42.6001,-73.9662,274.58,51,4,1.79,US,1669903549
41,potosi,-19.5836,-65.7531,284.63,50,40,4.12,BO,1669903549
42,nishihara,26.1842,127.7558,291.75,72,75,7.2,JP,1669903550
43,buraydah,26.326,43.975,296.91,32,13,3.89,SA,1669903550
44,carnarvon,-24.8667,113.6333,294.32,75,3,8.06,AU,1669903550
45,vanimo,-2.6741,141.3028,298.44,88,100,3.46,PG,1669903551
46,santander,43.4647,-3.8044,285.07,73,75,3.13,ES,1669903189
47,nikolskoye,59.7035,30.7861,268.04,87,99,1.43,RU,1669903551
48,kushima,31.4583,131.2333,281.44,69,74,2.89,JP,1669903552
49,punta arenas,-53.15,-70.9167,286.21,47,40,16.46,CL,1669903552
50,cape town,-33.9258,18.4232,299.21,59,97,4.47,ZA,1669903299
51,aranos,-24.1333,19.1167,308.08,15,94,2.08,NA,1669903552
52,maua,-23.6678,-46.4614,300.57,48,34,3.27,BR,1669903400
53,jamestown,42.097,-79.2353,270.95,91,100,6.69,US,1669903552
54,rikitea,-23.1203,-134.9692,296.26,74,63,5.09,PF,1669903553
55,hobart,-42.8794,147.3294,285.07,66,100,1.54,AU,1669903553
56,port elizabeth,-33.918,25.5701,298.76,75,92,1.34,ZA,1669903443
57,ulagan,50.6321,87.9563,249.34,83,27,0.75,RU,1669903553
58,port alfred,-33.5906,26.891,294.92,84,29,2.24,ZA,1669903554
59,eureka,40.8021,-124.1637,279.49,96,100,0.45,US,1669903554
60,hamilton,39.1834,-84.5333,270.5,72,0,3.09,US,1669903554
61,camopi,3.1655,-52.3158,301.52,70,54,1.95,GF,1669903554
62,butaritari,3.0707,172.7902,299.58,82,21,5.5,KI,1669903554
63,kapaa,22.0752,-159.319,295.33,88,0,4.12,US,1669903555
64,saint-augustin,51.226,-58.6502,274.88,90,100,8.53,CA,1669903555
65,vadinsk,53.6916,43.0574,264.1,92,77,1.94,RU,1669903555
66,chokurdakh,70.6333,147.9167,255.62,98,100,1.8,RU,1669903555
67,arbazh,57.6804,48.3065,259.81,99,82,0.97,RU,1669903555
68,parvatsar,26.8833,74.7667,290.83,29,0,1.34,IN,1669903555
69,leh,34.1667,77.5833,270.82,31,100,0.89,IN,1669903556
70,georgetown,5.4112,100.3354,299.95,84,20,4.12,MY,1669903472
71,ribeira grande,38.5167,-28.7,293.37,68,75,5.14,PT,1669903556
72,sorland,67.667,12.6934,278.07,75,75,2.06,NO,1669903556
73,yambio,4.5721,28.3955,297.82,77,99,2.66,SS,1669903556
74,ambon,-3.6954,128.1814,300.47,76,100,2.27,ID,1669903557
75,souillac,-20.5167,57.5167,298.63,68,55,3.93,MU,1669903557
76,itoman,26.1247,127.6694,292.16,72,75,7.2,JP,1669903557
77,arraial do cabo,-22.9661,-42.0278,298.07,83,40,10.8,BR,1669903557
78,goderich,43.7501,-81.7165,274.77,65,100,11.32,CA,1669903558
79,new norfolk,-42.7826,147.0587,284.87,65,49,0.49,AU,1669903558
80,bandarbeyla,9.4942,50.8122,299.55,80,45,9.11,SO,1669903558
81,upernavik,72.7868,-56.1549,257.62,92,100,9.16,GL,1669903558
82,bluff,-46.6,168.3333,283.6,68,48,8.86,NZ,1669903558
83,namibe,-15.1961,12.1522,296.74,73,51,4.9,AO,1669903559
84,alexandria,31.2156,29.9553,293.85,54,0,4.73,EG,1669903256
85,avarua,-21.2078,-159.775,298.18,94,75,6.17,CK,1669903555
86,partizanskoye,55.5006,94.39,254.74,94,100,3.84,RU,1669903560
87,tuktoyaktuk,69.4541,-133.0374,251.87,100,99,1.91,CA,1669903560
88,mahibadhoo,3.7833,72.9667,300.4,73,69,1.12,MV,1669903560
89,cidreira,-30.1811,-50.2056,297.26,84,100,7.25,BR,1669903561
90,shimoda,34.6667,138.95,283.21,80,99,1.41,JP,1669903561
91,tecoanapa,16.5167,-98.75,297.6,85,14,1.52,MX,1669903561
92,boyolangu,-8.1181,111.8935,297.06,80,100,0.8,ID,1669903561
93,busselton,-33.65,115.3333,286.34,88,0,4.63,AU,1669903562
94,warrnambool,-38.3833,142.4833,283.62,81,3,4.09,AU,1669903562
95,volterra,43.4003,10.86,283.38,56,87,4.65,IT,1669903562
96,mahebourg,-20.4081,57.7,298.85,70,26,3.96,MU,1669903285
97,korla,41.7597,86.1469,266.11,20,0,1.65,CN,1669903563
98,bethel,41.3712,-73.414,276.79,57,100,6.69,US,1669903563
99,celestun,20.8667,-90.4,297.4,87,15,4.94,MX,1669903564
100,tommot,58.9564,126.2925,251.06,92,100,4.68,RU,1669903502
101,saskylakh,71.9167,114.0833,240.4,100,100,2.11,RU,1669903564
102,marinette,45.1,-87.6307,265.42,62,80,4.03,US,1669903564
103,narrabri,-30.3167,149.7833,287.88,78,0,5.25,AU,1669903564
104,chuy,-33.6971,-53.4616,296.76,85,88,4.22,UY,1669903565
105,hirara,24.8,125.2833,296.1,77,100,11.36,JP,1669903565
106,visnes,59.3556,5.2242,279.38,70,0,2.57,NO,1669903565
107,paita,-5.0892,-81.1144,294.6,73,70,4.02,PE,1669903366
108,rjukan,59.8789,8.5941,273.17,85,100,0.62,NO,1669903566
109,malaryta,51.7905,24.074,269.34,91,94,2.97,BY,1669903566
110,gilgit,35.9221,74.3087,280.42,45,100,0.6,PK,1669903566
111,puerto escondido,15.85,-97.0667,294.61,88,40,4.12,MX,1669903567
112,nouadhibou,20.931,-17.0347,292.31,72,90,7.68,MR,1669903290
113,yar-sale,66.8333,70.8333,252.14,94,14,4.11,RU,1669903567
114,nome,64.5011,-165.4064,263.62,97,100,1.46,US,1669903352
115,poum,-20.2333,164.0167,300.73,83,100,4.92,NC,1669903567
116,volda,62.1476,6.0741,278.99,93,0,0.0,NO,1669903278
117,flinders,-34.5833,150.8552,291.14,70,61,1.7,AU,1669903567
118,kaitangata,-46.2817,169.8464,281.62,74,40,4.96,NZ,1669903568
119,ilulissat,69.2167,-51.1,266.16,68,75,9.77,GL,1669903568
120,ancud,-41.8697,-73.8203,284.13,58,73,1.89,CL,1669903568
121,kataysk,56.289,62.5841,258.23,92,100,2.56,RU,1669903569
122,north bend,43.4065,-124.2243,276.96,96,100,2.57,US,1669903569
123,baraki barak,33.9675,68.9486,282.11,35,100,1.03,AF,1669903569
124,luderitz,-26.6481,15.1594,295.29,63,30,11.12,NA,1669903569
125,pocone,-16.2567,-56.6228,308.61,32,54,2.61,BR,1669903570
126,giyon,8.5333,37.9833,295.18,24,17,6.4,ET,1669903570
127,huarmey,-10.0681,-78.1522,294.14,79,24,2.39,PE,1669903381
128,majene,-3.5403,118.9707,299.09,83,88,2.31,ID,1669903570
129,constitucion,-35.3333,-72.4167,291.36,48,0,4.19,CL,1669903571
130,jaguaruna,-28.615,-49.0256,298.09,78,100,4.05,BR,1669903571
131,mehamn,71.0357,27.8492,274.12,80,75,5.14,NO,1669903571
132,kamyshla,54.1169,52.1426,263.57,96,98,1.76,RU,1669903571
133,mazyr,52.0495,29.2456,264.28,94,55,1.96,BY,1669903571
134,fenoarivo atsinanana,-17.3667,49.4167,299.59,71,8,3.52,MG,1669903572
135,torbay,47.6666,-52.7314,276.64,88,100,2.68,CA,1669903572
136,hovd,48.0056,91.6419,253.88,75,43,1.79,MN,1669903572
137,buin,-33.7333,-70.75,297.62,33,0,1.12,CL,1669903572
138,salta,-24.7859,-65.4117,294.35,70,83,2.03,AR,1669903572
139,lardos,36.0942,28.0157,290.05,68,54,5.32,GR,1669903573
140,aabybro,57.1584,9.7367,277.58,87,100,2.06,DK,1669903573
141,high level,58.5169,-117.136,251.71,88,100,2.13,CA,1669903573
142,dubbo,-32.25,148.6167,286.22,82,0,3.09,AU,1669903573
143,tucumcari,35.1717,-103.725,272.06,69,0,6.17,US,1669903573
144,henties bay,-22.116,14.2845,291.73,77,6,7.4,NA,1669903574
145,halifax,44.6453,-63.5724,280.07,90,93,4.92,CA,1669903455
146,caravelas,-17.7125,-39.2481,301.97,67,100,3.12,BR,1669903574
147,severo-kurilsk,50.6789,156.125,270.32,63,86,8.07,RU,1669903574
148,margate,51.3813,1.3862,281.43,91,56,4.17,GB,1669903543
149,yulara,-25.2406,130.9889,299.91,16,2,2.53,AU,1669903574
150,faya,18.3851,42.4509,290.44,52,19,1.79,SA,1669903575
151,sungairaya,0.7,108.9,298.73,87,100,1.5,ID,1669903575
152,puerto ayora,-0.7393,-90.3518,296.13,90,80,3.13,EC,1669903575
153,moyeuvre-grande,49.2517,6.0475,280.33,94,100,0.45,FR,1669903575
154,huescar,37.811,-2.5412,286.07,42,98,3.05,ES,1669903465
155,khanu woralaksaburi,16.0617,99.8606,298.06,85,97,0.86,TH,1669903576
156,dombarovskiy,50.7587,59.5386,257.55,91,18,3.5,RU,1669903576
157,birin,26.8865,88.0718,283.64,68,0,2.26,NP,1669903576
158,ambilobe,-13.2,49.05,299.66,73,81,2.93,MG,1669903577
159,lavrentiya,65.5833,-171.0,268.79,93,100,3.7,RU,1669903577
160,adrar,20.5022,-10.0711,301.81,10,9,1.72,MR,1669903577
161,neiafu,-18.65,-173.9833,298.53,94,40,0.0,TO,1669903578
162,bone,51.9669,12.1396,275.31,86,100,2.47,DE,1669903578
163,airai,-8.9266,125.4092,289.08,92,100,0.75,TL,1669903578
164,acarau,-2.8856,-40.12,302.53,61,62,7.79,BR,1669903578
165,dhidhdhoo,6.8833,73.1,300.76,70,54,1.09,MV,1669903579
166,wanning,18.8003,110.3967,294.61,92,100,7.08,CN,1669903579
167,arman,59.7,150.1667,263.08,89,100,1.4,RU,1669903579
168,mackay,-21.15,149.2,293.53,77,99,6.83,AU,1669903579
169,lasa,46.6166,10.7002,277.61,87,94,0.86,IT,1669903580
170,muli,2.9167,73.5667,300.25,74,34,2.5,MV,1669903580
171,kroya,-7.6331,109.2461,299.23,79,100,1.21,ID,1669903581
172,hithadhoo,-0.6,73.0833,300.78,63,52,2.23,MV,1669903581
173,nanortalik,60.1432,-45.2371,270.13,75,4,14.09,GL,1669903581
174,itarema,-2.9248,-39.9167,302.78,59,68,7.24,BR,1669903581
175,natal,-5.795,-35.2094,299.51,83,75,6.17,BR,1669903440
176,grand gaube,-20.0064,57.6608,298.92,66,43,2.24,MU,1669903582
177,lincoln,40.8,-96.667,273.78,59,0,10.8,US,1669903397
178,meulaboh,4.1363,96.1285,297.69,90,100,0.67,ID,1669903350
179,husavik,66.0449,-17.3389,275.46,75,3,8.01,IS,1669903568
180,richards bay,-28.783,32.0377,300.82,57,4,7.63,ZA,1669903376
181,cockburn town,21.4612,-71.1419,300.14,65,0,7.37,TC,1669903364
182,vestmannaeyjar,63.4427,-20.2734,280.7,70,75,11.83,IS,1669903584
183,iqaluit,63.7506,-68.5145,257.98,60,100,8.05,CA,1669903584
184,kodiak,57.79,-152.4072,276.88,60,0,17.49,US,1669903584
185,fallon,39.4735,-118.7774,276.08,48,0,5.66,US,1669903584
186,batsfjord,70.6345,29.7185,273.11,80,75,4.12,NO,1669903448
187,sao felix do xingu,-6.6447,-51.995,302.27,69,100,1.07,BR,1669903585
188,half moon bay,37.4636,-122.4286,285.54,85,100,11.32,US,1669903585
189,kruisfontein,-34.0033,24.7314,297.53,50,68,5.41,ZA,1669903585
190,college,64.8569,-147.8028,258.47,84,100,2.57,US,1669903585
191,manuk mangkaw,4.8,119.85,300.79,74,100,2.44,PH,1669903585
192,pinawa,50.1489,-95.8811,260.3,87,100,3.35,CA,1669903586
193,tasiilaq,65.6145,-37.6368,276.24,84,100,1.79,GL,1669903586
194,fairbanks,64.8378,-147.7164,258.48,84,100,2.57,US,1669903586
195,geraldton,-28.7667,114.6,291.38,72,75,3.6,AU,1669903586
196,dobryanka,58.4619,56.4165,259.23,94,17,1.87,RU,1669903587
197,colares,38.7992,-9.4469,290.92,67,0,5.81,PT,1669903587
198,stettler,52.3168,-112.7186,245.79,100,100,2.76,CA,1669903587
199,clyde river,70.4692,-68.5914,242.24,79,0,1.46,CA,1669903588
200,ballina,-28.8667,153.5667,289.27,99,100,7.86,AU,1669903588
201,port lincoln,-34.7333,135.8667,288.52,85,0,7.19,AU,1669903589
202,grove city,39.8815,-83.093,269.91,75,0,2.57,US,1669903589
203,atuona,-9.8,-139.0333,298.21,80,15,6.1,PF,1669903589
204,hualmay,-11.0964,-77.6139,294.32,76,7,3.41,PE,1669903589
205,gamba,-2.65,10.0,301.51,72,100,3.29,GA,1669903589
206,palauig,15.435,119.9045,300.44,75,73,2.46,PH,1669903589
207,angoche,-16.2325,39.9086,299.58,68,100,4.24,MZ,1669903590
208,kavaratti,10.5669,72.642,300.87,72,39,1.67,IN,1669903590
209,waingapu,-9.6567,120.2641,299.17,84,100,1.09,ID,1669903590
210,ponta do sol,32.6667,-17.1,296.49,69,11,2.64,PT,1669903590
211,esperance,-33.8667,121.9,291.41,90,2,8.41,AU,1669903591
212,bengkulu,-3.8004,102.2655,297.63,89,100,1.4,ID,1669903466
213,douentza,14.9951,-2.9517,306.46,10,16,2.21,ML,1669903591
214,sola,-13.8833,167.55,300.76,77,78,5.19,VU,1669903592
215,faanui,-16.4833,-151.75,299.48,79,79,5.96,PF,1669903592
216,yichang,30.7144,111.2847,276.51,65,100,1.02,CN,1669903592
217,zastron,-30.3023,27.084,303.28,17,95,3.7,ZA,1669903592
218,ende,-8.8432,121.6623,298.86,85,100,0.42,ID,1669903593
219,lompoc,34.6391,-120.4579,284.14,95,20,2.57,US,1669903593
220,ixtapa,20.7,-105.2,294.39,88,75,0.0,MX,1669903593
221,carballo,43.213,-8.691,287.98,68,0,3.11,ES,1669903322
222,srednekolymsk,67.45,153.6833,246.9,97,100,8.34,RU,1669903593
223,port hardy,50.6996,-127.4199,266.09,67,5,3.06,CA,1669903594
224,las vegas,36.175,-115.1372,279.64,45,0,2.06,US,1669903594
225,hastings,50.8552,0.5729,283.78,85,99,3.34,GB,1669903329
226,ketchikan,55.3422,-131.6461,265.41,67,0,1.54,US,1669903594
227,lebu,-37.6167,-73.65,288.02,52,0,7.06,CL,1669903594
228,nortelandia,-14.4547,-56.8028,305.86,44,40,3.38,BR,1669903595
229,guerrero negro,27.9769,-114.0611,286.81,83,79,3.82,MX,1669903351
230,san jose,37.3394,-121.895,284.75,76,100,8.49,US,1669903475
231,taoudenni,22.6783,-3.9836,299.11,8,87,3.55,ML,1669903595
232,smithers,54.7804,-127.1743,252.64,95,24,1.13,CA,1669903595
233,kohlu,29.8962,69.252,288.56,20,99,2.2,PK,1669903595
234,sangar,63.9242,127.4739,240.4,95,100,1.32,RU,1669903596
235,aljezur,37.3191,-8.8033,289.22,74,89,3.62,PT,1669903596
236,sala,34.0389,-6.8166,287.53,100,75,6.17,MA,1669903579
237,lac du bonnet,50.2536,-96.0612,260.19,87,100,3.49,CA,1669903596
238,kholtoson,50.2981,103.3097,250.26,91,87,1.22,RU,1669903597
239,itanhaem,-24.1831,-46.7889,301.0,64,6,2.2,BR,1669903597
240,tateyama,34.9833,139.8667,283.2,83,100,3.59,JP,1669903597
241,iquitos,-3.7481,-73.2472,303.17,84,0,5.66,PE,1669903597
242,gasa,31.5,34.4667,295.31,51,0,4.52,PS,1669903598
243,san rafael,-34.6177,-68.3301,296.5,29,6,1.56,AR,1669903598
244,eydhafushi,5.1033,73.0708,300.28,74,59,2.87,MV,1669903598
245,kalianget,-7.05,113.9333,300.95,74,97,2.26,ID,1669903598
246,haines junction,60.7522,-137.5108,260.07,85,100,0.73,CA,1669903598
247,panama city,8.9936,-79.5197,301.58,76,40,2.57,PA,1669903422
248,fukue,32.6881,128.8419,282.71,58,100,8.6,JP,1669903599
249,pascagoula,30.3658,-88.5561,280.18,64,0,4.63,US,1669903599
250,bambous virieux,-20.3428,57.7575,298.83,70,19,3.96,MU,1669903600
251,barrow,71.2906,-156.7887,266.16,86,100,2.57,US,1669903600
252,la palma,33.8464,-118.0467,287.31,74,100,2.06,US,1669903600
253,dicabisagan,17.0818,122.4157,298.79,86,44,3.21,PH,1669903600
254,ayaviri,-14.8864,-70.5889,285.46,10,0,2.21,PE,1669903601
255,kahului,20.8947,-156.47,297.51,88,37,2.24,US,1669903314
256,acapulco,16.8634,-99.8901,298.05,78,20,2.06,MX,1669903561
257,vwawa,-9.1167,32.9333,290.23,89,100,0.98,TZ,1669903601
258,brigham city,41.5102,-112.0155,276.85,52,0,3.42,US,1669903331
259,ta khmau,11.4833,104.95,300.12,73,100,1.97,KH,1669903602
260,port moresby,-9.4431,147.1797,299.11,83,99,1.07,PG,1669903602
261,rosetta,31.4044,30.4164,294.02,60,0,4.73,EG,1669903602
262,mwense,-10.3845,28.698,294.45,88,100,1.01,ZM,1669903602
263,saint george,37.1041,-113.5841,272.48,69,0,0.0,US,1669903575
264,midland,31.9974,-102.0779,276.51,62,0,4.12,US,1669903603
265,bharthana,26.7571,79.2248,292.58,45,0,1.37,IN,1669903603
266,shenjiamen,29.9576,122.298,280.77,92,100,9.34,CN,1669903603
267,touros,-5.1989,-35.4608,302.75,58,78,6.54,BR,1669903571
268,umm lajj,25.0213,37.2685,299.08,48,5,4.81,SA,1669903310
269,salalah,17.0151,54.0924,298.26,66,0,2.48,OM,1669903366
270,lagoa,39.05,-27.9833,290.0,87,5,8.79,PT,1669903320
271,avera,33.194,-82.5271,279.01,42,9,4.45,US,1669903604
272,general roca,-39.0333,-67.5833,297.38,44,0,2.5,AR,1669903605
273,westport,41.1415,-73.3579,277.63,55,0,9.77,US,1669903605
274,miandrivazo,-19.5167,45.4667,307.51,37,17,6.53,MG,1669903605
275,matam,15.6175,-13.3303,308.05,9,14,4.06,SN,1669903605
276,victoria,22.2855,114.1577,289.4,75,82,7.15,HK,1669903562
277,mount gambier,-37.8333,140.7667,282.62,94,9,2.74,AU,1669903606
278,kysyl-syr,63.8986,122.7617,246.71,97,100,2.73,RU,1669903606
279,auki,-8.7676,160.7034,298.73,85,100,2.04,SB,1669903606
280,port hedland,-20.3167,118.5667,300.18,78,0,4.63,AU,1669903606
281,rocha,-34.4833,-54.3333,300.09,64,97,3.04,UY,1669903595
282,vila velha,-20.3297,-40.2925,297.01,98,94,3.21,BR,1669903412
283,belaya gora,68.5333,146.4167,248.57,98,100,3.54,RU,1669903607
284,svetlyy,54.675,20.1347,274.24,83,100,3.35,RU,1669903607
285,fecamp,49.7579,0.3746,280.64,77,9,5.15,FR,1669903549
286,batesville,35.7698,-91.641,271.95,92,0,0.0,US,1669903607
287,tiksi,71.6872,128.8694,248.32,97,100,5.85,RU,1669903608
288,maragogi,-9.0122,-35.2225,302.06,63,83,6.99,BR,1669903608
289,mazatlan,23.2167,-106.4167,295.32,89,40,2.06,MX,1669903608
290,waidhofen,48.5833,11.3333,278.44,89,75,2.06,DE,1669903608
291,kupang,-10.1667,123.5833,299.75,82,97,1.44,ID,1669903609
292,mar del plata,-38.0023,-57.5575,290.9,96,100,7.15,AR,1669903609
293,vostok,46.4856,135.8833,249.5,97,100,2.09,RU,1669903610
294,george,-33.963,22.4617,293.6,75,97,2.81,ZA,1669903585
295,huntsville,34.7304,-86.5861,275.83,65,0,3.09,US,1669903610
296,hofn,64.2539,-15.2082,277.16,100,75,3.6,IS,1669903610
297,katsuura,35.1333,140.3,284.61,85,100,5.58,JP,1669903610
298,havelock,34.8791,-76.9013,281.12,48,0,6.17,US,1669903611
299,maniitsoq,65.4167,-52.9,263.3,77,100,3.43,GL,1669903611
300,thompson,55.7435,-97.8558,247.47,92,100,0.92,CA,1669903611
301,ayolas,-27.4,-56.9,305.73,44,0,1.03,PY,1669903612
302,straumen,63.8709,11.2999,271.15,77,12,1.52,NO,1669903612
303,road town,18.4167,-64.6167,301.2,63,0,7.9,VG,1669903517
304,gwadar,25.1216,62.3254,298.4,40,100,2.82,PK,1669903612
305,san buenaventura,27.0833,-101.5333,285.64,71,75,0.0,MX,1669903612
306,broome,42.2506,-75.833,273.64,71,100,5.66,US,1669903612
307,codrington,-38.2667,141.9667,282.49,88,2,3.41,AU,1669903613
308,fort nelson,58.8053,-122.7002,247.45,97,65,0.14,CA,1669903613
309,lodja,-3.4833,23.4333,296.88,92,100,1.59,CD,1669903613
310,ostrovnoy,68.0531,39.5131,271.3,94,100,3.97,RU,1669903614
311,coari,-4.085,-63.1414,303.53,63,40,2.39,BR,1669903614
312,poopo,-18.3667,-66.9667,284.58,14,0,4.11,BO,1669903614
313,pisco,-13.7,-76.2167,294.18,73,0,3.6,PE,1669903614
314,oksfjord,70.2396,22.3479,275.25,96,98,1.01,NO,1669903615
315,opuwo,-18.0607,13.84,309.92,14,77,7.7,NA,1669903615
316,doha,25.2867,51.5333,300.32,61,0,3.6,QA,1669903442
317,andenes,69.3143,16.1194,277.14,87,75,2.57,NO,1669903615
318,klaksvik,62.2266,-6.589,282.66,99,100,3.94,FO,1669903615
319,petropavlovsk-kamchatskiy,53.0452,158.6483,264.26,80,28,2.68,RU,1669903616
320,narsaq,60.9167,-46.05,270.27,85,12,2.02,GL,1669903616
321,ayagoz,47.9714,80.4392,265.83,95,100,4.84,KZ,1669903616
322,verkhnyaya inta,65.9811,60.3094,251.1,100,77,2.21,RU,1669903617
323,matagami,49.7502,-77.6328,267.21,86,100,8.75,CA,1669903617
324,mandawar,29.5,78.1333,291.26,37,8,1.65,IN,1669903617
325,potrero del llano,21.05,-97.6833,291.17,91,99,2.65,MX,1669903617
326,lichtenburg,-26.152,26.1597,304.75,18,47,2.39,ZA,1669903617
327,albacete,38.8333,-2.0,284.92,58,20,3.6,ES,1669903618
328,byron bay,-28.65,153.6167,289.23,93,100,8.08,AU,1669903428
329,tessalit,20.1986,1.0114,302.48,12,99,3.64,ML,1669903618
330,staraya poltavka,50.4772,46.4814,269.12,68,6,2.92,RU,1669903618
331,gornopravdinsk,60.05,69.9,248.44,94,11,0.56,RU,1669903618
332,tocopilla,-22.092,-70.1979,293.72,66,4,3.03,CL,1669903619
333,bhandara,21.1667,79.65,293.99,49,100,0.77,IN,1669903619
334,nanfeng,23.7434,111.7959,279.27,74,100,2.44,CN,1669903619
335,kodyma,48.0988,29.1246,272.36,73,98,3.36,UA,1669903619
336,serdobsk,52.4586,44.2169,269.09,62,12,2.26,RU,1669903619
337,jumla,29.2747,82.1838,279.58,43,0,2.21,NP,1669903620
338,jiazi,22.8779,116.067,287.3,74,100,5.78,CN,1669903620
339,igrim,63.1906,64.4162,250.07,100,7,1.13,RU,1669903620
340,bandraboua,-12.7044,45.1223,302.97,68,18,2.32,YT,1669903620
341,manokwari,-0.8667,134.0833,298.85,82,100,2.09,ID,1669903620
342,omboue,-1.5746,9.2618,301.78,74,100,3.36,GA,1669903621
343,merauke,-8.4667,140.3333,299.68,85,100,5.4,ID,1669903621
344,imphal,24.8167,93.95,289.66,90,0,0.81,IN,1669903617
345,naze,28.3667,129.4833,287.78,72,100,8.43,JP,1669903621
346,atar,20.5169,-13.0499,303.68,10,18,1.06,MR,1669903622
347,te anau,-45.4167,167.7167,278.09,88,82,0.61,NZ,1669903622
348,beringovskiy,63.05,179.3167,274.5,99,100,5.99,RU,1669903622
349,shelburne,44.0787,-80.2041,270.87,88,83,9.74,CA,1669903596
350,kavieng,-2.5744,150.7967,301.0,73,76,1.82,PG,1669903623
351,lorengau,-2.0226,147.2712,300.35,78,95,2.22,PG,1669903623
352,caconda,-13.7333,15.0667,299.86,40,100,3.68,AO,1669903623
353,listvyanskiy,54.4399,83.4984,251.29,93,13,2.61,RU,1669903623
354,krasnoselkup,65.7,82.4667,254.44,98,100,4.55,RU,1669903623
355,lata,40.1629,-8.3327,290.41,58,0,2.97,PT,1669903624
356,koroni,36.8,21.95,290.41,70,29,8.44,GR,1669903620
357,dubti,11.7361,41.0853,305.62,21,2,2.9,ET,1669903624
358,uddevalla,58.3478,11.9424,276.52,93,99,2.41,SE,1669903624
359,filadelfia,39.9523,-75.1638,276.53,48,20,8.75,US,1669903507
360,akdepe,42.0551,59.3788,273.53,46,89,3.04,TM,1669903624
361,campbell river,50.0163,-125.2446,259.98,89,27,3.37,CA,1669903625
362,saint-joseph,-21.3667,55.6167,299.36,79,60,2.21,RE,1669903625
363,los llanos de aridane,28.6585,-17.9182,294.01,71,75,2.06,ES,1669903625
364,alice springs,-23.7,133.8833,291.9,37,2,0.0,AU,1669903625
365,eyl,7.9803,49.8164,300.32,71,97,8.8,SO,1669903625
366,batticaloa,7.7102,81.6924,299.71,79,53,3.14,LK,1669903626
367,drayton valley,53.2168,-114.9854,247.05,100,89,1.0,CA,1669903609
368,mount isa,-20.7333,139.5,295.02,33,0,2.57,AU,1669903348
369,saint-pierre,-21.3393,55.4781,299.97,69,0,6.17,RE,1669903626
370,rawson,-43.3002,-65.1023,297.39,24,0,6.62,AR,1669903626
371,mizdah,31.4451,12.9801,288.75,36,61,2.56,LY,1669903626
372,sal rei,16.1833,-22.9167,296.73,61,99,8.27,CV,1669903627
373,pevek,69.7008,170.3133,270.03,77,64,12.26,RU,1669903627
374,oranjestad,12.524,-70.027,299.77,86,7,0.89,AW,1669903475
375,atbasar,51.8,68.3333,258.22,75,100,7.72,KZ,1669903627
376,axim,4.8699,-2.2405,302.0,69,90,3.0,GH,1669903628
377,urumqi,43.801,87.6005,259.68,72,0,2.0,CN,1669903586
378,dunedin,-45.8742,170.5036,283.04,69,54,3.13,NZ,1669903471
379,ferrol,43.4832,-8.2369,288.44,61,0,5.27,ES,1669903431
380,mokhsogollokh,61.4681,128.9203,243.86,95,100,2.36,RU,1669903629
381,kholodnyy,62.7167,147.95,245.14,99,100,0.49,RU,1669903629
382,tyukhtet,56.5389,89.3011,255.69,97,100,2.22,RU,1669903629
383,jian,27.1172,114.9793,274.85,92,100,4.21,CN,1669903629
384,saint anthony,45.0205,-93.218,263.68,80,0,5.14,US,1669903629
385,at-bashi,41.1702,75.8106,263.85,83,100,0.6,KG,1669903630
386,iskateley,67.6803,53.1512,260.03,96,99,5.17,RU,1669903630
387,kosh-agach,50.0,88.6667,248.79,65,28,1.52,RU,1669903631
388,fayaoue,-20.65,166.5333,300.57,83,91,5.65,NC,1669903631
389,tadine,-21.55,167.8833,299.37,87,95,4.63,NC,1669903631
390,jinxiang,27.4327,120.6062,281.38,84,100,4.89,CN,1669903631
391,porto santo,33.072,-16.3415,293.36,77,40,7.72,PT,1669903632
392,truro,50.2653,-5.0544,284.75,74,20,4.12,GB,1669903369
393,sabha,27.0377,14.4283,292.26,18,0,0.23,LY,1669903632
394,dingle,10.9995,122.6711,297.92,92,100,3.56,PH,1669903632
395,sao mateus,-18.7161,-39.8589,301.79,72,90,2.24,BR,1669903423
396,egvekinot,66.3167,-179.1667,269.98,98,100,5.15,RU,1669903633
397,alpena,45.0617,-83.4327,272.29,79,100,3.6,US,1669903633
398,andros,37.8333,24.9333,290.78,67,22,3.13,GR,1669903634
399,yokadouma,3.5167,15.05,301.99,53,100,2.01,CM,1669903556
400,bambanglipuro,-7.95,110.2833,298.5,77,100,0.97,ID,1669903634
401,pokrovsk,48.282,37.1758,273.06,36,92,8.02,UA,1669903634
402,altamont,42.2068,-121.7372,272.06,95,100,4.63,US,1669903634
403,nantucket,41.2835,-70.0995,278.23,58,3,14.35,US,1669903635
404,port-gentil,-0.7193,8.7815,302.13,79,75,7.2,GA,1669903635
405,port keats,-14.25,129.55,301.25,60,100,0.84,AU,1669903635
406,mariani,26.6667,94.3333,291.32,75,0,0.8,IN,1669903635
407,hambantota,6.1241,81.1185,298.34,100,40,0.51,LK,1669903636
408,hami,42.8,93.45,264.57,18,82,2.14,CN,1669903637
409,robertsport,6.7533,-11.3686,301.4,69,90,2.56,LR,1669903637
410,chapais,49.7834,-74.8492,268.03,92,100,6.88,CA,1669903637
411,maiduguri,11.8464,13.1603,306.62,17,91,2.38,NG,1669903637
412,aykhal,66.0,111.5,241.13,100,100,4.6,RU,1669903637
413,sainte-suzanne,-20.9061,55.6089,300.27,75,100,2.06,RE,1669903638
414,hirado,33.3597,129.5531,280.73,55,100,5.49,JP,1669903638
415,kota belud,6.351,116.4305,297.71,88,88,1.65,MY,1669903638
416,elliot lake,46.3834,-82.6331,269.23,67,45,5.43,CA,1669903638
417,iwanai,42.9744,140.5089,269.48,69,100,8.21,JP,1669903639
418,vastseliina,57.7303,27.2932,263.55,94,74,1.89,EE,1669903639
419,katobu,-4.9408,122.5276,297.11,93,73,0.79,ID,1669903639
420,marawi,7.9986,124.2928,293.92,93,89,0.61,PH,1669903639
421,bubaque,11.2833,-15.8333,300.36,47,49,3.1,GW,1669903640
422,firozpur,30.9167,74.6,292.31,24,99,0.86,IN,1669903640
423,samarai,-10.6167,150.6667,300.79,79,100,2.81,PG,1669903640
424,parsons,37.3403,-95.2611,274.08,52,97,5.2,US,1669903640
425,skiathos,39.1623,23.4909,285.36,77,100,7.52,GR,1669903641
426,rorvik,64.8621,11.2373,275.21,69,100,2.57,NO,1669903641
427,vierzon,47.2101,2.0625,280.48,79,100,4.14,FR,1669903641
428,kibala,9.1104,18.3463,309.05,15,97,2.98,TD,1669903641
429,walvis bay,-22.9575,14.5053,294.3,63,31,10.52,NA,1669903641
430,moron,-34.6534,-58.6198,294.27,81,100,6.77,AR,1669903642
431,tuatapere,-46.1333,167.6833,281.11,78,97,4.52,NZ,1669903642
432,narodychi,51.2029,29.0823,266.68,94,97,2.04,UA,1669903642
433,bac lieu,9.285,105.7244,299.45,84,100,5.15,VN,1669903643
434,san quintin,30.4833,-115.95,284.95,79,100,2.58,MX,1669903643
435,mitsamiouli,-11.3847,43.2844,300.01,65,6,2.19,KM,1669903643
436,catia la mar,10.6038,-67.0303,300.36,85,11,1.68,VE,1669903523
437,gizo,-8.103,156.8419,299.97,80,100,2.49,SB,1669903644
438,chara,56.9064,118.2631,242.63,74,67,0.89,RU,1669903644
439,kingman,35.1894,-114.053,280.68,86,0,1.54,US,1669903644
440,eldorado,-23.7869,-54.2836,302.46,52,12,2.39,BR,1669903644
441,roros,62.5747,11.3842,269.06,86,75,1.54,NO,1669903528
442,san angelo,31.4638,-100.437,278.18,70,100,2.06,US,1669903645
443,panukulan,14.9333,121.8144,300.1,84,100,8.88,PH,1669903645
444,dzhebariki-khaya,62.2167,135.8,239.39,99,100,0.4,RU,1669903645
445,maun,-19.9833,23.4167,307.75,6,0,4.58,BW,1669903645
446,kitimat,54.0524,-128.6534,261.43,65,7,1.88,CA,1669903645
447,sioux lookout,50.1001,-91.917,259.28,89,100,1.46,CA,1669903646
448,bulgan,48.8125,103.5347,251.65,81,1,2.08,MN,1669903646
449,nemuro,43.3236,145.575,271.8,49,5,10.21,JP,1669903646
450,saint augustine,29.8947,-81.3145,292.08,82,0,5.66,US,1669903646
451,bermeo,43.4209,-2.7215,285.21,70,36,3.05,ES,1669903646
452,martapura,-3.4167,114.85,299.2,89,75,1.54,ID,1669903647
453,pacific grove,36.6177,-121.9166,285.18,78,75,6.71,US,1669903647
454,pangnirtung,66.1451,-65.7125,250.86,66,99,3.28,CA,1669903648
455,praxedis guerrero,31.3667,-106.0167,276.85,53,0,3.47,MX,1669903648
456,concordia,-31.393,-58.0209,302.84,48,25,4.98,AR,1669903607
457,kauhajoki,62.4333,22.1833,271.14,98,100,1.22,FI,1669903490
458,lakhdenpokhya,61.5198,30.1992,271.07,94,100,1.09,RU,1669903648
459,namatanai,-3.6667,152.4333,299.49,82,81,1.38,PG,1669903649
460,okha,53.5739,142.9478,255.06,91,100,8.78,RU,1669903649
461,biak,-0.9131,122.8766,297.9,79,83,1.0,ID,1669903649
462,cape coast,5.1053,-1.2466,302.28,66,60,4.0,GH,1669903649
463,amahai,-3.3333,128.9167,299.7,80,100,1.77,ID,1669903650
464,mapiripan,2.8892,-72.1256,300.46,70,15,5.42,CO,1669903650
465,tongzi,28.7829,105.0877,278.76,78,100,0.96,CN,1669903650
466,villa carlos paz,-31.4241,-64.4978,298.74,38,100,3.58,AR,1669903651
467,baie-comeau,49.2168,-68.1489,271.43,77,24,6.32,CA,1669903651
468,bilibino,68.0546,166.4372,259.01,96,69,2.6,RU,1669903651
469,tura,25.5198,90.2201,290.64,90,0,1.64,IN,1669903651
470,nangong,37.3581,115.3744,269.45,19,29,3.19,CN,1669903652
471,oranjemund,-28.55,16.4333,293.17,73,6,7.31,NA,1669903652
472,zhigansk,66.7697,123.3711,249.89,97,100,2.85,RU,1669903652
473,biltine,14.5333,20.9167,308.4,15,98,2.48,TD,1669903652
474,cayenne,4.9333,-52.3333,302.17,70,100,6.17,GF,1669903652
475,tselina,46.5338,41.0328,274.27,51,79,10.29,RU,1669903653
476,norman wells,65.282,-126.8329,260.11,96,100,2.73,CA,1669903653
477,madang,-5.2246,145.7966,298.16,90,100,2.02,PG,1669903571
478,karratha,-20.7377,116.8463,301.66,49,0,6.31,AU,1669903653
479,namanga,-2.5433,36.7905,298.4,41,100,7.62,KE,1669903653
480,belawan,3.7755,98.6832,300.31,84,100,2.89,ID,1669903653
481,tarbagatay,51.4803,107.3602,260.89,79,100,7.63,RU,1669903654
482,morondava,-20.2833,44.2833,301.28,69,100,6.03,MG,1669903654
483,hare bay,48.8499,-54.0148,275.79,80,100,7.63,CA,1669903654
484,hammerfest,70.6634,23.6821,275.4,100,75,0.51,NO,1669903654
485,gimli,50.6336,-96.9907,259.29,92,100,3.98,CA,1669903654
486,zelenoborsk,61.4669,64.0333,251.48,100,39,1.11,RU,1669903655
487,bayangol,50.6977,103.4656,249.37,96,100,1.14,RU,1669903655
488,jimenez,28.3333,-105.4,283.58,60,0,2.37,MX,1669903655
489,naters,46.3254,7.9891,281.18,74,45,1.16,CH,1669903656
490,sibolga,1.7427,98.7792,297.7,91,100,1.44,ID,1669903656
491,klyuchi,52.2667,79.1667,253.83,85,15,4.1,RU,1669903656
492,kaltasy,55.9693,54.8032,256.13,100,73,1.85,RU,1669903656
493,keita,14.7551,5.7749,305.1,11,9,3.75,NE,1669903657
494,peniche,39.3558,-9.3811,291.09,68,2,3.58,PT,1669903657
495,sydney,-33.8679,151.2073,290.77,71,75,6.17,AU,1669903469
496,aswan,24.0934,32.907,300.56,25,0,4.38,EG,1669903381
497,jijiga,9.35,42.8,297.03,13,31,6.16,ET,1669903657
498,tevaitoa,-16.7833,-151.5,299.41,79,53,6.05,PF,1669903657
499,maneadero,31.7167,-116.5667,284.87,79,100,1.79,MX,1669903658
500,sitka,57.0531,-135.33,273.09,74,100,2.57,US,1669903658
501,amapa,1.0,-52.0,303.86,56,50,1.86,BR,1669903658
502,souris,49.6172,-100.2612,259.67,86,100,4.66,CA,1669903659
503,cumaral,4.2708,-73.4867,298.01,83,68,1.47,CO,1669903659
504,cairns,-16.9167,145.7667,298.12,86,40,1.03,AU,1669903659
505,qasigiannguit,68.8193,-51.1922,266.29,96,100,0.6,GL,1669903659
506,aden,12.7794,45.0367,299.86,73,0,5.4,YE,1669903659
507,provideniya,64.3833,-173.3,271.19,96,82,3.84,RU,1669903660
508,covington,39.0837,-84.5086,270.77,73,0,3.09,US,1669903661
509,rio gallegos,-51.6226,-69.2181,291.18,19,75,7.2,AR,1669903661
510,huaihua,27.5494,109.9592,272.68,91,100,1.63,CN,1669903661
511,presidente olegario,-18.4178,-46.4181,301.17,48,44,2.38,BR,1669903661
512,paamiut,61.994,-49.6678,265.05,73,1,8.63,GL,1669903662
513,zapolyarnyy,69.4154,30.8136,267.75,97,94,1.36,RU,1669903578
514,san fernando,15.0286,120.6898,298.82,74,100,3.46,PH,1669903313
515,kungurtug,50.5994,97.5228,244.93,97,39,0.82,RU,1669903662
516,vendome,47.8,1.0667,280.31,66,46,4.47,FR,1669903663
517,thinadhoo,0.5333,72.9333,300.57,67,99,2.49,MV,1669903663
518,huangmei,30.1924,116.025,273.27,90,100,2.76,CN,1669903663
519,zyryanka,65.75,150.85,240.42,100,97,3.29,RU,1669903663
520,san cristobal,7.7669,-72.225,291.25,85,76,2.01,VE,1669903663
521,kangaatsiaq,68.3065,-53.4641,266.17,66,100,12.23,GL,1669903664
522,coahuayana,18.7333,-103.6833,296.5,88,98,1.47,MX,1669903664
523,alofi,-19.0595,-169.9187,299.04,79,45,0.7,NU,1669903664
524,wonthaggi,-38.6044,145.5913,285.27,82,0,1.76,AU,1669903624
525,mapiri,-15.25,-68.1667,302.14,56,6,0.6,BO,1669903665
526,murchison,-41.8,172.3333,282.43,96,99,1.29,NZ,1669903665
527,olafsvik,64.8945,-23.7142,278.89,80,77,14.45,IS,1669903665
528,sayansk,54.1088,102.1648,253.36,85,100,5.21,RU,1669903665
529,mercedes,-34.6515,-59.4307,294.28,58,100,7.95,AR,1669903569
530,yima,34.7381,111.8839,271.26,25,83,1.52,CN,1669903587
531,kouqian,43.6391,126.4578,258.51,68,0,3.78,CN,1669903666
532,rudnichnyy,59.617,52.4703,259.26,98,68,1.2,RU,1669903666
533,san juan,-31.5375,-68.5364,298.42,34,12,7.2,AR,1669903667
534,uvira,-3.4067,29.1458,296.95,86,89,4.92,CD,1669903667
535,tabuk,17.4189,121.4443,296.1,89,24,2.03,PH,1669903667
536,guadalupe victoria,32.2869,-115.105,280.9,59,85,1.89,MX,1669903545
537,roverud,60.2521,12.055,272.28,99,92,1.24,NO,1669903668
538,beya,53.0533,90.9139,251.03,93,87,1.49,RU,1669903668
539,puerto carreno,6.189,-67.4859,300.58,67,8,7.51,CO,1669903668
540,burnie,-41.0667,145.9167,286.45,75,56,5.13,AU,1669903668
541,erenhot,43.6475,111.9767,258.59,70,11,3.78,CN,1669903669
542,ilo,-17.6394,-71.3375,294.63,68,0,4.05,PE,1669903669
543,khandagayty,50.7333,92.05,246.84,80,9,2.33,RU,1669903669
544,canon city,38.441,-105.2424,277.24,41,0,7.72,US,1669903670
545,san patricio,28.017,-97.5169,285.06,73,0,5.26,US,1669903671
546,ust-tsilma,65.441,52.1498,258.34,98,100,1.81,RU,1669903671
547,maningrida,-12.0667,134.2667,300.48,59,100,1.99,AU,1669903671
548,berlevag,70.8578,29.0864,274.15,86,40,4.12,NO,1669903671
549,flin flon,54.7682,-101.865,251.22,95,100,2.86,CA,1669903671
550,maltahohe,-24.8333,16.9833,303.92,25,97,5.64,NA,1669903672
551,tabou,4.423,-7.3528,301.7,68,81,3.27,CI,1669903672
552,ahuimanu,21.4447,-157.8378,295.57,92,20,2.06,US,1669903672
553,catacamas,14.8,-85.9,295.65,88,99,0.43,HN,1669903673
554,vigrestad,58.5667,5.7,279.2,68,100,4.98,NO,1669903548
555,ukiah,39.1502,-123.2078,280.09,93,100,2.24,US,1669903673
556,padang,-0.9492,100.3543,297.18,89,100,1.74,ID,1669903471
557,coihaique,-45.5752,-72.0662,286.12,44,75,5.66,CL,1669903673
558,senneterre,48.3835,-77.2328,267.58,88,100,7.51,CA,1669903674
559,povoa de varzim,41.3834,-8.7636,289.41,55,0,4.63,PT,1669903674
560,russell,32.3502,-85.1999,278.75,48,0,2.06,US,1669903675
561,brookings,44.3114,-96.7984,267.14,71,0,9.77,US,1669903553
562,conde,-7.2597,-34.9075,300.85,74,75,5.14,BR,1669903675
563,beloha,-25.1667,45.05,298.3,73,97,5.46,MG,1669903675
564,imeni poliny osipenko,52.4201,136.4853,246.86,96,6,2.22,RU,1669903675
565,santa fe,-31.6333,-60.7,299.27,66,18,0.89,AR,1669903500
566,seoul,37.5683,126.9778,268.84,37,68,2.72,KR,1669903627
567,ludwigslust,53.3167,11.5,274.72,72,67,2.47,DE,1669903676
568,ewa beach,21.3156,-158.0072,295.7,86,0,2.06,US,1669903676
